<?xml version="1.0" encoding="UTF-8" ?>
<odoo>
    <data noupdate="1">
        <!-- Property Sequence -->
        <record id="property_sequence" model="ir.sequence">
            <field name="name">Property sequence</field>
            <field name="code">property.property</field>
            <field name="active">TRUE</field>
            <field name="prefix">PI/</field>
            <field name="number_increment">1</field>
            <field name="number_next">1</field>
            <field name="padding">4</field>
        </record>
        <!-- Property sale Sequence -->
        <record id="property_sale_sequence" model="ir.sequence">
            <field name="name">Property Sale Sequence</field>
            <field name="code">property.sale</field>
            <field name="active">TRUE</field>
            <field name="prefix">PS/</field>
            <field name="number_increment">1</field>
            <field name="number_next">1</field>
            <field name="padding">4</field>
        </record>
        <!-- Property rental Sequence -->
        <record id="property_rental_sequence" model="ir.sequence">
            <field name="name">Property Rent sequence</field>
            <field name="code">property.rent</field>
            <field name="active">TRUE</field>
            <field name="prefix">RNT/</field>
            <field name="number_increment">1</field>
            <field name="number_next">1</field>
            <field name="padding">4</field>
        </record>
        <!-- Property auction Sequence -->
        <record id="auction_sequence" model="ir.sequence">
            <field name="name">Property Auction sequence</field>
            <field name="code">property.auction</field>
            <field name="active">TRUE</field>
            <field name="prefix">AUC</field>
            <field name="number_increment">1</field>
            <field name="number_next">1</field>
            <field name="padding">4</field>
        </record>
    </data>
</odoo>
